StateName,TimeZone
Alabama,America/Chicago
Alaska,America/Nome
Arizona,America/Phoenix
Arkansas,America/Chicago
California,America/Los_Angeles
Colorado,America/Denver
Connecticut,America/New_York
Delaware,America/New_York
Florida,America/New_York
Georgia,America/New_York
Hawaii,HST
Idaho,America/Boise
Illinois,America/Chicago
Indiana,America/Indianapolis
Iowa,America/Creston
Kansas,America/Chicago
Kentucky,America/Louisville
Louisiana,America/Chicago
Maine,America/New_York
Maryland,America/New_York
Massachusetts,America/New_York
Michigan,America/Detroit
Minnesota,America/Chicago
Mississippi,America/Chicago
Missouri ,America/Chicago
Montana,America/Boise
Nebraska,America/Chicago
Nevada,America/Los_Angeles
New Hampshire,America/New_York
New Jersey,America/New_York
New Mexico,America/Denver
New York,America/New_York
North Carolina,America/New_York
North Dakota,America/Chicago
Ohio,America/New_York
Oklahoma,America/Chicago
Oregon,America/Los_Angeles
Pennsylvania,America/New_York
Rhode Island,America/New_York
South Carolina,America/New_York
South Dakota,America/Chicago
Tennessee,America/Chicago
Texas,America/Chicago
Utah,America/Boise
Vermont,America/New_York
Virginia,America/New_York
Washington,America/Los_Angeles
West Virginia,America/New_York
Wisconsin,America/Chicago
Wyoming,America/Denver
Puerto Rico,America/Puerto_Rico
U.S. Virgin Islands,America/Virgin
